Code INSEE,event_intensity_rem_2024,event_intensity_rem_2025,event_intensity_rem_2026,event_intensity_rem_2027,event_intensity_rem_2028
59000,0.0,0.0,0.0,0.0,0.0
59001,0.0,0.0,0.0,0.0,0.0
59002,0.0,0.0,0.0,0.0,0.0
59003,0.0,0.0,0.0,0.0,0.0
59004,0.0,0.0,0.0,0.0,0.0
59005,0.0,0.0,0.0,0.0,0.0
59006,0.0,0.0,0.0,0.0,0.0
59007,0.0,0.0,0.0,0.0,0.0
59008,0.0,0.0,0.0,0.0,0.0
59009,0.0,0.0,0.0,0.0,0.0
59010,0.0,0.0,0.0,0.0,0.0
59011,0.0,0.0,0.0,0.0,0.0
59012,0.0,0.0,0.0,0.0,0.0
59013,0.0,0.0,0.0,0.0,0.0
59014,0.0,0.0,0.0,0.0,0.0
59015,0.0,0.0,0.0,0.0,0.0
59016,0.0,0.0,0.0,0.0,0.0
59017,0.0,0.0,0.0,0.0,0.0
59018,0.0,0.0,0.0,0.0,0.0
59019,0.0,0.0,0.0,0.0,0.0
59020,0.0,0.0,0.0,0.0,0.0
59021,0.0,0.0,0.0,0.0,0.0
59022,0.0,0.0,0.0,0.0,0.0
59023,0.0,0.0,0.0,0.0,0.0
59024,0.0,0.0,0.0,0.0,0.0
59025,0.0,0.0,0.0,0.0,0.0
59026,0.0,0.0,0.0,0.0,0.0
59027,0.0,0.0,0.0,0.0,0.0
59028,0.0,0.0,0.0,0.0,0.0
59029,0.0,0.0,0.0,0.0,0.0
59030,0.0,0.0,0.0,0.0,0.0
59031,0.0,0.0,0.0,0.0,0.0
59032,0.0,0.0,0.0,0.0,0.0
59033,0.0,0.0,0.0,0.0,0.0
59034,0.0,0.0,0.0,0.0,0.0
59035,0.0,0.0,0.0,0.0,0.0
59036,0.0,0.0,0.0,0.0,0.0
59037,0.0,0.0,0.0,0.0,0.0
59038,0.0,0.0,0.0,0.0,0.0
59039,0.0,0.0,0.0,0.0,0.0
59040,0.0,0.0,0.0,0.0,0.0
59041,0.0,0.0,0.0,0.0,0.0
59042,0.0,0.0,0.0,0.0,0.0
59043,0.0,0.0,0.0,0.0,0.0
59044,0.0,0.0,0.0,0.0,0.0
59045,0.0,0.0,0.0,0.0,0.0
59046,0.0,0.0,0.0,0.0,0.0
59047,0.0,0.0,0.0,0.0,0.0
59048,0.0,0.0,0.0,0.0,0.0
59049,0.0,0.0,0.0,0.0,0.0
59050,0.0,0.0,0.0,0.0,0.0
59051,0.0,0.0,0.0,0.0,0.0
59052,0.0,0.0,0.0,0.0,0.0
59053,0.0,0.0,0.0,0.0,0.0
59054,0.0,0.0,0.0,0.0,0.0
59055,0.0,0.0,0.0,0.0,0.0
59056,0.0,0.0,0.0,0.0,0.0
59057,0.0,0.0,0.0,0.0,0.0
59058,0.0,0.0,0.0,0.0,0.0
59059,0.0,0.0,0.0,0.0,0.0
59060,0.0,0.0,0.0,0.0,0.0
59061,0.0,0.0,0.0,0.0,0.0
59062,0.0,0.0,0.0,0.0,0.0
59063,0.0,0.0,0.0,0.0,0.0
59064,0.0,0.0,0.0,0.0,0.0
59065,0.0,0.0,0.0,0.0,0.0
59066,0.0,0.0,0.0,0.0,0.0
59067,0.0,0.0,0.0,0.0,0.0
59068,0.0,0.0,0.0,0.0,0.0
59069,0.0,0.0,0.0,0.0,0.0
59070,0.0,0.0,0.0,0.0,0.0
59071,0.0,0.0,0.0,0.0,0.0
59072,0.0,0.0,0.0,0.0,0.0
59073,0.0,0.0,0.0,0.0,0.0
59074,0.0,0.0,0.0,0.0,0.0
59075,0.0,0.0,0.0,0.0,0.0
59076,0.0,0.0,0.0,0.0,0.0
59077,0.0,0.0,0.0,0.0,0.0
59078,0.0,0.0,0.0,0.0,0.0
59079,0.0,0.0,0.0,0.0,0.0
59080,0.0,0.0,0.0,0.0,0.0
59081,0.0,0.0,0.0,0.0,0.0
59082,0.0,0.0,0.0,0.0,0.0
59083,0.0,0.0,0.0,0.0,0.0
59084,0.0,0.0,0.0,0.0,0.0
59085,0.0,0.0,0.0,0.0,0.0
59086,0.0,0.0,0.0,0.0,0.0
59087,0.0,0.0,0.0,0.0,0.0
59088,0.0,0.0,0.0,0.0,0.0
59089,0.0,0.0,0.0,0.0,0.0
59090,0.0,0.0,0.0,0.0,0.0
59091,0.0,0.0,0.0,0.0,0.0
59092,0.0,0.0,0.0,0.0,0.0
59093,0.0,0.0,0.0,0.0,0.0
59094,0.0,0.0,0.0,0.0,0.0
59095,0.0,0.0,0.0,0.0,0.0
59096,0.0,0.0,0.0,0.0,0.0
59097,0.0,0.0,0.0,0.0,0.0
59098,0.0,0.0,0.0,0.0,0.0
59099,0.0,0.0,0.0,0.0,0.0
59100,0.0,0.0,0.0,0.0,0.0
59101,0.0,0.0,0.0,0.0,0.0
59102,0.0,0.0,0.0,0.0,0.0
59103,0.0,0.0,0.0,0.0,0.0
59104,0.0,0.0,0.0,0.0,0.0
59105,0.0,0.0,0.0,0.0,0.0
59106,0.0,0.0,0.0,0.0,0.0
59107,0.0,0.0,0.0,0.0,0.0
59108,0.0,0.0,0.0,0.0,0.0
59109,0.0,0.0,0.0,0.0,0.0
59110,0.0,0.0,0.0,0.0,0.0
59111,0.0,0.0,0.0,0.0,0.0
59112,0.0,0.0,0.0,0.0,0.0
59113,0.0,0.0,0.0,0.0,0.0
59114,0.0,0.0,0.0,0.0,0.0
59115,0.0,0.0,0.0,0.0,0.0
59116,0.0,0.0,0.0,0.0,0.0
59117,0.0,0.0,0.0,0.0,0.0
59118,0.0,0.0,0.0,0.0,0.0
59119,0.0,0.0,0.0,0.0,0.0
59120,0.0,0.0,0.0,0.0,0.0
59121,0.0,0.0,0.0,0.0,0.0
59122,0.0,0.0,0.0,0.0,0.0
59123,0.0,0.0,0.0,0.0,0.0
59124,0.0,0.0,0.0,0.0,0.0
59125,0.0,0.0,0.0,0.0,0.0
59126,0.0,0.0,0.0,0.0,0.0
59127,0.0,0.0,0.0,0.0,0.0
59128,0.0,0.0,0.0,0.0,0.0
59129,0.0,0.0,0.0,0.0,0.0
59130,0.0,0.0,0.0,0.0,0.0
59131,0.0,0.0,0.0,0.0,0.0
59132,0.0,0.0,0.0,0.0,0.0
59133,0.0,0.0,0.0,0.0,0.0
59134,0.0,0.0,0.0,0.0,0.0
59135,0.0,0.0,0.0,0.0,0.0
59136,0.0,0.0,0.0,0.0,0.0
59137,0.0,0.0,0.0,0.0,0.0
59138,0.0,0.0,0.0,0.0,0.0
59139,0.0,0.0,0.0,0.0,0.0
59140,0.0,0.0,0.0,0.0,0.0
59141,0.0,0.0,0.0,0.0,0.0
59142,0.0,0.0,0.0,0.0,0.0
59143,0.0,0.0,0.0,0.0,0.0
59144,0.0,0.0,0.0,0.0,0.0
59145,0.0,0.0,0.0,0.0,0.0
59146,0.0,0.0,0.0,0.0,0.0
59147,0.0,0.0,0.0,0.0,0.0
59148,0.0,0.0,0.0,0.0,0.0
59149,0.0,0.0,0.0,0.0,0.0
59150,0.0,0.0,0.0,0.0,0.0
59151,0.0,0.0,0.0,0.0,0.0
59152,0.0,0.0,0.0,0.0,0.0
59153,0.0,0.0,0.0,0.0,0.0
59154,0.0,0.0,0.0,0.0,0.0
59155,0.0,0.0,0.0,0.0,0.0
59156,0.0,0.0,0.0,0.0,0.0
59157,0.0,0.0,0.0,0.0,0.0
59158,0.0,0.0,0.0,0.0,0.0
59159,0.0,0.0,0.0,0.0,0.0
59160,0.0,0.0,0.0,0.0,0.0
59161,0.0,0.0,0.0,0.0,0.0
59162,0.0,0.0,0.0,0.0,0.0
59163,0.0,0.0,0.0,0.0,0.0
59164,0.0,0.0,0.0,0.0,0.0
59165,0.0,0.0,0.0,0.0,0.0
59166,0.0,0.0,0.0,0.0,0.0
59167,0.0,0.0,0.0,0.0,0.0
59168,0.0,0.0,0.0,0.0,0.0
59169,0.0,0.0,0.0,0.0,0.0
59170,0.0,0.0,0.0,0.0,0.0
59171,0.0,0.0,0.0,0.0,0.0
59172,0.0,0.0,0.0,0.0,0.0
59173,0.0,0.0,0.0,0.0,0.0
59174,0.0,0.0,0.0,0.0,0.0
59175,0.0,0.0,0.0,0.0,0.0
59176,0.0,0.0,0.0,0.0,0.0
59177,0.0,0.0,0.0,0.0,0.0
59178,0.0,0.0,0.0,0.0,0.0
59179,0.0,0.0,0.0,0.0,0.0
59180,0.0,0.0,0.0,0.0,0.0
59181,0.0,0.0,0.0,0.0,0.0
59182,0.0,0.0,0.0,0.0,0.0
59183,0.0,0.0,0.0,0.0,0.0
59184,0.0,0.0,0.0,0.0,0.0
59185,0.0,0.0,0.0,0.0,0.0
59186,0.0,0.0,0.0,0.0,0.0
59187,0.0,0.0,0.0,0.0,0.0
59188,0.0,0.0,0.0,0.0,0.0
59189,0.0,0.0,0.0,0.0,0.0
59190,0.0,0.0,0.0,0.0,0.0
59191,0.0,0.0,0.0,0.0,0.0
59192,0.0,0.0,0.0,0.0,0.0
59193,0.0,0.0,0.0,0.0,0.0
59194,0.0,0.0,0.0,0.0,0.0
59195,0.0,0.0,0.0,0.0,0.0
59196,0.0,0.0,0.0,0.0,0.0
59197,0.0,0.0,0.0,0.0,0.0
59198,0.0,0.0,0.0,0.0,0.0
59199,0.0,0.0,0.0,0.0,0.0
59200,0.0,0.0,0.0,0.0,0.0
59201,0.0,0.0,0.0,0.0,0.0
59202,0.0,0.0,0.0,0.0,0.0
59203,0.0,0.0,0.0,0.0,0.0
59204,0.0,0.0,0.0,0.0,0.0
59205,0.0,0.0,0.0,0.0,0.0
59206,0.0,0.0,0.0,0.0,0.0
59207,0.0,0.0,0.0,0.0,0.0
59208,0.0,0.0,0.0,0.0,0.0
59209,0.0,0.0,0.0,0.0,0.0
59210,0.0,0.0,0.0,0.0,0.0
59211,0.0,0.0,0.0,0.0,0.0
59212,0.0,0.0,0.0,0.0,0.0
59213,0.0,0.0,0.0,0.0,0.0
59214,0.0,0.0,0.0,0.0,0.0
59215,0.0,0.0,0.0,0.0,0.0
59216,0.0,0.0,0.0,0.0,0.0
59217,0.0,0.0,0.0,0.0,0.0
59218,0.0,0.0,0.0,0.0,0.0
59219,0.0,0.0,0.0,0.0,0.0
59220,0.0,0.0,0.0,0.0,0.0
59221,0.0,0.0,0.0,0.0,0.0
59222,0.0,0.0,0.0,0.0,0.0
59223,0.0,0.0,0.0,0.0,0.0
59224,0.0,0.0,0.0,0.0,0.0
59225,0.0,0.0,0.0,0.0,0.0
59226,0.0,0.0,0.0,0.0,0.0
59227,0.0,0.0,0.0,0.0,0.0
59228,0.0,0.0,0.0,0.0,0.0
59229,0.0,0.0,0.0,0.0,0.0
59230,0.0,0.0,0.0,0.0,0.0
59231,0.0,0.0,0.0,0.0,0.0
59232,0.0,0.0,0.0,0.0,0.0
59233,0.0,0.0,0.0,0.0,0.0
59234,0.0,0.0,0.0,0.0,0.0
59235,0.0,0.0,0.0,0.0,0.0
59236,0.0,0.0,0.0,0.0,0.0
59237,0.0,0.0,0.0,0.0,0.0
59238,0.0,0.0,0.0,0.0,0.0
59239,0.0,0.0,0.0,0.0,0.0
59240,0.0,0.0,0.0,0.0,0.0
59241,0.0,0.0,0.0,0.0,0.0
59242,0.0,0.0,0.0,0.0,0.0
59243,0.0,0.0,0.0,0.0,0.0
59244,0.0,0.0,0.0,0.0,0.0
59245,0.0,0.0,0.0,0.0,0.0
59246,0.0,0.0,0.0,0.0,0.0
59247,0.0,0.0,0.0,0.0,0.0
59248,0.0,0.0,0.0,0.0,0.0
59249,0.0,0.0,0.0,0.0,0.0
59250,0.0,0.0,0.0,0.0,0.0
59251,0.0,0.0,0.0,0.0,0.0
59252,0.0,0.0,0.0,0.0,0.0
59253,0.0,0.0,0.0,0.0,0.0
59254,0.0,0.0,0.0,0.0,0.0
59255,0.0,0.0,0.0,0.0,0.0
59256,0.0,0.0,0.0,0.0,0.0
59257,0.0,0.0,0.0,0.0,0.0
59258,0.0,0.0,0.0,0.0,0.0
59259,0.0,0.0,0.0,0.0,0.0
59260,0.0,0.0,0.0,0.0,0.0
59261,0.0,0.0,0.0,0.0,0.0
59262,0.0,0.0,0.0,0.0,0.0
59263,0.0,0.0,0.0,0.0,0.0
59264,0.0,0.0,0.0,0.0,0.0
59265,0.0,0.0,0.0,0.0,0.0
59266,0.0,0.0,0.0,0.0,0.0
59267,0.0,0.0,0.0,0.0,0.0
59268,0.0,0.0,0.0,0.0,0.0
59269,0.0,0.0,0.0,0.0,0.0
59270,0.0,0.0,0.0,0.0,0.0
59271,0.0,0.0,0.0,0.0,0.0
59272,0.0,0.0,0.0,0.0,0.0
59273,0.0,0.0,0.0,0.0,0.0
59274,0.0,0.0,0.0,0.0,0.0
59275,0.0,0.0,0.0,0.0,0.0
59276,0.0,0.0,0.0,0.0,0.0
59277,0.0,0.0,0.0,0.0,0.0
59278,0.0,0.0,0.0,0.0,0.0
59279,0.0,0.0,0.0,0.0,0.0
59280,0.0,0.0,0.0,0.0,0.0
59281,0.0,0.0,0.0,0.0,0.0
59282,0.0,0.0,0.0,0.0,0.0
59283,0.0,0.0,0.0,0.0,0.0
59284,0.0,0.0,0.0,0.0,0.0
59285,0.0,0.0,0.0,0.0,0.0
59286,0.0,0.0,0.0,0.0,0.0
59287,0.0,0.0,0.0,0.0,0.0
59288,0.0,0.0,0.0,0.0,0.0
59289,0.0,0.0,0.0,0.0,0.0
59290,0.0,0.0,0.0,0.0,0.0
59291,0.0,0.0,0.0,0.0,0.0
59292,0.0,0.0,0.0,0.0,0.0
59293,0.0,0.0,0.0,0.0,0.0
59294,0.0,0.0,0.0,0.0,0.0
59295,0.0,0.0,0.0,0.0,0.0
59296,0.0,0.0,0.0,0.0,0.0
59297,0.0,0.0,0.0,0.0,0.0
59298,0.0,0.0,0.0,0.0,0.0
59299,0.0,0.0,0.0,0.0,0.0
59300,0.0,0.0,0.0,0.0,0.0
59301,0.0,0.0,0.0,0.0,0.0
59302,0.0,0.0,0.0,0.0,0.0
59303,0.0,0.0,0.0,0.0,0.0
59304,0.0,0.0,0.0,0.0,0.0
59305,0.0,0.0,0.0,0.0,0.0
59306,0.0,0.0,0.0,0.0,0.0
59307,0.0,0.0,0.0,0.0,0.0
59308,0.0,0.0,0.0,0.0,0.0
59309,0.0,0.0,0.0,0.0,0.0
59310,0.0,0.0,0.0,0.0,0.0
59311,0.0,0.0,0.0,0.0,0.0
59312,0.0,0.0,0.0,0.0,0.0
59313,0.0,0.0,0.0,0.0,0.0
59314,0.0,0.0,0.0,0.0,0.0
59315,0.0,0.0,0.0,0.0,0.0
59316,0.0,0.0,0.0,0.0,0.0
59317,0.0,0.0,0.0,0.0,0.0
59318,0.0,0.0,0.0,0.0,0.0
59319,0.0,0.0,0.0,0.0,0.0
59320,0.0,0.0,0.0,0.0,0.0
59321,0.0,0.0,0.0,0.0,0.0
59322,0.0,0.0,0.0,0.0,0.0
59323,0.0,0.0,0.0,0.0,0.0
59324,0.0,0.0,0.0,0.0,0.0
59325,0.0,0.0,0.0,0.0,0.0
59326,0.0,0.0,0.0,0.0,0.0
59327,0.0,0.0,0.0,0.0,0.0
59328,0.0,0.0,0.0,0.0,0.0
59329,0.0,0.0,0.0,0.0,0.0
59330,0.0,0.0,0.0,0.0,0.0
59331,0.0,0.0,0.0,0.0,0.0
59332,0.0,0.0,0.0,0.0,0.0
59333,0.0,0.0,0.0,0.0,0.0
59334,0.0,0.0,0.0,0.0,0.0
59335,0.0,0.0,0.0,0.0,0.0
59336,0.0,0.0,0.0,0.0,0.0
59337,0.0,0.0,0.0,0.0,0.0
59338,0.0,0.0,0.0,0.0,0.0
59339,0.0,0.0,0.0,0.0,0.0
59340,0.0,0.0,0.0,0.0,0.0
59341,0.0,0.0,0.0,0.0,0.0
59342,0.0,0.0,0.0,0.0,0.0
59343,0.0,0.0,0.0,0.0,0.0
59344,0.0,0.0,0.0,0.0,0.0
59345,0.0,0.0,0.0,0.0,0.0
59346,0.0,0.0,0.0,0.0,0.0
59347,0.0,0.0,0.0,0.0,0.0
59348,0.0,0.0,0.0,0.0,0.0
59349,0.0,0.0,0.0,0.0,0.0
59350,0.0,0.0,0.0,0.0,0.0
59351,0.0,0.0,0.0,0.0,0.0
59352,0.0,0.0,0.0,0.0,0.0
59353,0.0,0.0,0.0,0.0,0.0
59354,0.0,0.0,0.0,0.0,0.0
59355,0.0,0.0,0.0,0.0,0.0
59356,0.0,0.0,0.0,0.0,0.0
59357,0.0,0.0,0.0,0.0,0.0
59358,0.0,0.0,0.0,0.0,0.0
59359,0.0,0.0,0.0,0.0,0.0
59360,0.0,0.0,0.0,0.0,0.0
59361,0.0,0.0,0.0,0.0,0.0
59362,0.0,0.0,0.0,0.0,0.0
59363,0.0,0.0,0.0,0.0,0.0
59364,0.0,0.0,0.0,0.0,0.0
59365,0.0,0.0,0.0,0.0,0.0
59366,0.0,0.0,0.0,0.0,0.0
59367,0.0,0.0,0.0,0.0,0.0
59368,0.0,0.0,0.0,0.0,0.0
59369,0.0,0.0,0.0,0.0,0.0
59370,0.0,0.0,0.0,0.0,0.0
59371,0.0,0.0,0.0,0.0,0.0
59372,0.0,0.0,0.0,0.0,0.0
59373,0.0,0.0,0.0,0.0,0.0
59374,0.0,0.0,0.0,0.0,0.0
59375,0.0,0.0,0.0,0.0,0.0
59376,0.0,0.0,0.0,0.0,0.0
59377,0.0,0.0,0.0,0.0,0.0
59378,0.0,0.0,0.0,0.0,0.0
59379,0.0,0.0,0.0,0.0,0.0
59380,0.0,0.0,0.0,0.0,0.0
59381,0.0,0.0,0.0,0.0,0.0
59382,0.0,0.0,0.0,0.0,0.0
59383,0.0,0.0,0.0,0.0,0.0
59384,0.0,0.0,0.0,0.0,0.0
59385,0.0,0.0,0.0,0.0,0.0
59386,0.0,0.0,0.0,0.0,0.0
59387,0.0,0.0,0.0,0.0,0.0
59388,0.0,0.0,0.0,0.0,0.0
59389,0.0,0.0,0.0,0.0,0.0
59390,0.0,0.0,0.0,0.0,0.0
59391,0.0,0.0,0.0,0.0,0.0
59392,0.0,0.0,0.0,0.0,0.0
59393,0.0,0.0,0.0,0.0,0.0
59394,0.0,0.0,0.0,0.0,0.0
59395,0.0,0.0,0.0,0.0,0.0
59396,0.0,0.0,0.0,0.0,0.0
59397,0.0,0.0,0.0,0.0,0.0
59398,0.0,0.0,0.0,0.0,0.0
59399,0.0,0.0,0.0,0.0,0.0
59400,0.0,0.0,0.0,0.0,0.0
59401,0.0,0.0,0.0,0.0,0.0
59402,0.0,0.0,0.0,0.0,0.0
59403,0.0,0.0,0.0,0.0,0.0
59404,0.0,0.0,0.0,0.0,0.0
59405,0.0,0.0,0.0,0.0,0.0
59406,0.0,0.0,0.0,0.0,0.0
59407,0.0,0.0,0.0,0.0,0.0
59408,0.0,0.0,0.0,0.0,0.0
59409,0.0,0.0,0.0,0.0,0.0
59410,0.0,0.0,0.0,0.0,0.0
59411,0.0,0.0,0.0,0.0,0.0
59412,0.0,0.0,0.0,0.0,0.0
59413,0.0,0.0,0.0,0.0,0.0
59414,0.0,0.0,0.0,0.0,0.0
59415,0.0,0.0,0.0,0.0,0.0
59416,0.0,0.0,0.0,0.0,0.0
59417,0.0,0.0,0.0,0.0,0.0
59418,0.0,0.0,0.0,0.0,0.0
59419,0.0,0.0,0.0,0.0,0.0
59420,0.0,0.0,0.0,0.0,0.0
59421,0.0,0.0,0.0,0.0,0.0
59422,0.0,0.0,0.0,0.0,0.0
59423,0.0,0.0,0.0,0.0,0.0
59424,0.0,0.0,0.0,0.0,0.0
59425,0.0,0.0,0.0,0.0,0.0
59426,0.0,0.0,0.0,0.0,0.0
59427,0.0,0.0,0.0,0.0,0.0
59428,0.0,0.0,0.0,0.0,0.0
59429,0.0,0.0,0.0,0.0,0.0
59430,0.0,0.0,0.0,0.0,0.0
59431,0.0,0.0,0.0,0.0,0.0
59432,0.0,0.0,0.0,0.0,0.0
59433,0.0,0.0,0.0,0.0,0.0
59434,0.0,0.0,0.0,0.0,0.0
59435,0.0,0.0,0.0,0.0,0.0
59436,0.0,0.0,0.0,0.0,0.0
59437,0.0,0.0,0.0,0.0,0.0
59438,0.0,0.0,0.0,0.0,0.0
59439,0.0,0.0,0.0,0.0,0.0
59440,0.0,0.0,0.0,0.0,0.0
59441,0.0,0.0,0.0,0.0,0.0
59442,0.0,0.0,0.0,0.0,0.0
59443,0.0,0.0,0.0,0.0,0.0
59444,0.0,0.0,0.0,0.0,0.0
59445,0.0,0.0,0.0,0.0,0.0
59446,0.0,0.0,0.0,0.0,0.0
59447,0.0,0.0,0.0,0.0,0.0
59448,0.0,0.0,0.0,0.0,0.0
59449,0.0,0.0,0.0,0.0,0.0
59450,0.0,0.0,0.0,0.0,0.0
59451,0.0,0.0,0.0,0.0,0.0
59452,0.0,0.0,0.0,0.0,0.0
59453,0.0,0.0,0.0,0.0,0.0
59454,0.0,0.0,0.0,0.0,0.0
59455,0.0,0.0,0.0,0.0,0.0
59456,0.0,0.0,0.0,0.0,0.0
59457,0.0,0.0,0.0,0.0,0.0
59458,0.0,0.0,0.0,0.0,0.0
59459,0.0,0.0,0.0,0.0,0.0
59460,0.0,0.0,0.0,0.0,0.0
59461,0.0,0.0,0.0,0.0,0.0
59462,0.0,0.0,0.0,0.0,0.0
59463,0.0,0.0,0.0,0.0,0.0
59464,0.0,0.0,0.0,0.0,0.0
59465,0.0,0.0,0.0,0.0,0.0
59466,0.0,0.0,0.0,0.0,0.0
59467,0.0,0.0,0.0,0.0,0.0
59468,0.0,0.0,0.0,0.0,0.0
59469,0.0,0.0,0.0,0.0,0.0
59470,0.0,0.0,0.0,0.0,0.0
59471,0.0,0.0,0.0,0.0,0.0
59472,0.0,0.0,0.0,0.0,0.0
59473,0.0,0.0,0.0,0.0,0.0
59474,0.0,0.0,0.0,0.0,0.0
59475,0.0,0.0,0.0,0.0,0.0
59476,0.0,0.0,0.0,0.0,0.0
59477,0.0,0.0,0.0,0.0,0.0
59478,0.0,0.0,0.0,0.0,0.0
59479,0.0,0.0,0.0,0.0,0.0
59480,0.0,0.0,0.0,0.0,0.0
59481,0.0,0.0,0.0,0.0,0.0
59482,0.0,0.0,0.0,0.0,0.0
59483,0.0,0.0,0.0,0.0,0.0
59484,0.0,0.0,0.0,0.0,0.0
59485,0.0,0.0,0.0,0.0,0.0
59486,0.0,0.0,0.0,0.0,0.0
59487,0.0,0.0,0.0,0.0,0.0
59488,0.0,0.0,0.0,0.0,0.0
59489,0.0,0.0,0.0,0.0,0.0
59490,0.0,0.0,0.0,0.0,0.0
59491,0.0,0.0,0.0,0.0,0.0
59492,0.0,0.0,0.0,0.0,0.0
59493,0.0,0.0,0.0,0.0,0.0
59494,0.0,0.0,0.0,0.0,0.0
59495,0.0,0.0,0.0,0.0,0.0
59496,0.0,0.0,0.0,0.0,0.0
59497,0.0,0.0,0.0,0.0,0.0
59498,0.0,0.0,0.0,0.0,0.0
59499,0.0,0.0,0.0,0.0,0.0
59500,0.0,0.0,0.0,0.0,0.0
59501,0.0,0.0,0.0,0.0,0.0
59502,0.0,0.0,0.0,0.0,0.0
59503,0.0,0.0,0.0,0.0,0.0
59504,0.0,0.0,0.0,0.0,0.0
59505,0.0,0.0,0.0,0.0,0.0
59506,0.0,0.0,0.0,0.0,0.0
59507,0.0,0.0,0.0,0.0,0.0
59508,0.0,0.0,0.0,0.0,0.0
59509,0.0,0.0,0.0,0.0,0.0
59510,0.0,0.0,0.0,0.0,0.0
59511,0.0,0.0,0.0,0.0,0.0
59512,0.0,0.0,0.0,0.0,0.0
59513,0.0,0.0,0.0,0.0,0.0
59514,0.0,0.0,0.0,0.0,0.0
59515,0.0,0.0,0.0,0.0,0.0
59516,0.0,0.0,0.0,0.0,0.0
59517,0.0,0.0,0.0,0.0,0.0
59518,0.0,0.0,0.0,0.0,0.0
59519,0.0,0.0,0.0,0.0,0.0
59520,0.0,0.0,0.0,0.0,0.0
59521,0.0,0.0,0.0,0.0,0.0
59522,0.0,0.0,0.0,0.0,0.0
59523,0.0,0.0,0.0,0.0,0.0
59524,0.0,0.0,0.0,0.0,0.0
59525,0.0,0.0,0.0,0.0,0.0
59526,0.0,0.0,0.0,0.0,0.0
59527,0.0,0.0,0.0,0.0,0.0
59528,0.0,0.0,0.0,0.0,0.0
59529,0.0,0.0,0.0,0.0,0.0
59530,0.0,0.0,0.0,0.0,0.0
59531,0.0,0.0,0.0,0.0,0.0
59532,0.0,0.0,0.0,0.0,0.0
59533,0.0,0.0,0.0,0.0,0.0
59534,0.0,0.0,0.0,0.0,0.0
59535,0.0,0.0,0.0,0.0,0.0
59536,0.0,0.0,0.0,0.0,0.0
59537,0.0,0.0,0.0,0.0,0.0
59538,0.0,0.0,0.0,0.0,0.0
59539,0.0,0.0,0.0,0.0,0.0
59540,0.0,0.0,0.0,0.0,0.0
59541,0.0,0.0,0.0,0.0,0.0
59542,0.0,0.0,0.0,0.0,0.0
59543,0.0,0.0,0.0,0.0,0.0
59544,0.0,0.0,0.0,0.0,0.0
59545,0.0,0.0,0.0,0.0,0.0
59546,0.0,0.0,0.0,0.0,0.0
59547,0.0,0.0,0.0,0.0,0.0
59548,0.0,0.0,0.0,0.0,0.0
59549,0.0,0.0,0.0,0.0,0.0
59550,0.0,0.0,0.0,0.0,0.0
59551,0.0,0.0,0.0,0.0,0.0
59552,0.0,0.0,0.0,0.0,0.0
59553,0.0,0.0,0.0,0.0,0.0
59554,0.0,0.0,0.0,0.0,0.0
59555,0.0,0.0,0.0,0.0,0.0
59556,0.0,0.0,0.0,0.0,0.0
59557,0.0,0.0,0.0,0.0,0.0
59558,0.0,0.0,0.0,0.0,0.0
59559,0.0,0.0,0.0,0.0,0.0
59560,0.0,0.0,0.0,0.0,0.0
59561,0.0,0.0,0.0,0.0,0.0
59562,0.0,0.0,0.0,0.0,0.0
59563,0.0,0.0,0.0,0.0,0.0
59564,0.0,0.0,0.0,0.0,0.0
59565,0.0,0.0,0.0,0.0,0.0
59566,0.0,0.0,0.0,0.0,0.0
59567,0.0,0.0,0.0,0.0,0.0
59568,0.0,0.0,0.0,0.0,0.0
59569,0.0,0.0,0.0,0.0,0.0
59570,0.0,0.0,0.0,0.0,0.0
59571,0.0,0.0,0.0,0.0,0.0
59572,0.0,0.0,0.0,0.0,0.0
59573,0.0,0.0,0.0,0.0,0.0
59574,0.0,0.0,0.0,0.0,0.0
59575,0.0,0.0,0.0,0.0,0.0
59576,0.0,0.0,0.0,0.0,0.0
59577,0.0,0.0,0.0,0.0,0.0
59578,0.0,0.0,0.0,0.0,0.0
59579,0.0,0.0,0.0,0.0,0.0
59580,0.0,0.0,0.0,0.0,0.0
59581,0.0,0.0,0.0,0.0,0.0
59582,0.0,0.0,0.0,0.0,0.0
59583,0.0,0.0,0.0,0.0,0.0
59584,0.0,0.0,0.0,0.0,0.0
59585,0.0,0.0,0.0,0.0,0.0
59586,0.0,0.0,0.0,0.0,0.0
59587,0.0,0.0,0.0,0.0,0.0
59588,0.0,0.0,0.0,0.0,0.0
59589,0.0,0.0,0.0,0.0,0.0
59590,0.0,0.0,0.0,0.0,0.0
59591,0.0,0.0,0.0,0.0,0.0
59592,0.0,0.0,0.0,0.0,0.0
59593,0.0,0.0,0.0,0.0,0.0
59594,0.0,0.0,0.0,0.0,0.0
59595,0.0,0.0,0.0,0.0,0.0
59596,0.0,0.0,0.0,0.0,0.0
59597,0.0,0.0,0.0,0.0,0.0
59598,0.0,0.0,0.0,0.0,0.0
59599,0.0,0.0,0.0,0.0,0.0
59600,0.0,0.0,0.0,0.0,0.0
59601,0.0,0.0,0.0,0.0,0.0
59602,0.0,0.0,0.0,0.0,0.0
59603,0.0,0.0,0.0,0.0,0.0
59604,0.0,0.0,0.0,0.0,0.0
59605,0.0,0.0,0.0,0.0,0.0
59606,0.0,0.0,0.0,0.0,0.0
59607,0.0,0.0,0.0,0.0,0.0
59608,0.0,0.0,0.0,0.0,0.0
59609,0.0,0.0,0.0,0.0,0.0
59610,0.0,0.0,0.0,0.0,0.0
59611,0.0,0.0,0.0,0.0,0.0
59612,0.0,0.0,0.0,0.0,0.0
59613,0.0,0.0,0.0,0.0,0.0
59614,0.0,0.0,0.0,0.0,0.0
59615,0.0,0.0,0.0,0.0,0.0
59616,0.0,0.0,0.0,0.0,0.0
59617,0.0,0.0,0.0,0.0,0.0
59618,0.0,0.0,0.0,0.0,0.0
59619,0.0,0.0,0.0,0.0,0.0
59620,0.0,0.0,0.0,0.0,0.0
59621,0.0,0.0,0.0,0.0,0.0
59622,0.0,0.0,0.0,0.0,0.0
59623,0.0,0.0,0.0,0.0,0.0
59624,0.0,0.0,0.0,0.0,0.0
59625,0.0,0.0,0.0,0.0,0.0
59626,0.0,0.0,0.0,0.0,0.0
59627,0.0,0.0,0.0,0.0,0.0
59628,0.0,0.0,0.0,0.0,0.0
59629,0.0,0.0,0.0,0.0,0.0
59630,0.0,0.0,0.0,0.0,0.0
59631,0.0,0.0,0.0,0.0,0.0
59632,0.0,0.0,0.0,0.0,0.0
59633,0.0,0.0,0.0,0.0,0.0
59634,0.0,0.0,0.0,0.0,0.0
59635,0.0,0.0,0.0,0.0,0.0
59636,0.0,0.0,0.0,0.0,0.0
59637,0.0,0.0,0.0,0.0,0.0
59638,0.0,0.0,0.0,0.0,0.0
59639,0.0,0.0,0.0,0.0,0.0
59640,0.0,0.0,0.0,0.0,0.0
59641,0.0,0.0,0.0,0.0,0.0
59642,0.0,0.0,0.0,0.0,0.0
59643,0.0,0.0,0.0,0.0,0.0
59644,0.0,0.0,0.0,0.0,0.0
59645,0.0,0.0,0.0,0.0,0.0
59646,0.0,0.0,0.0,0.0,0.0
59647,0.0,0.0,0.0,0.0,0.0
59648,0.0,0.0,0.0,0.0,0.0
59649,0.0,0.0,0.0,0.0,0.0
59650,0.0,0.0,0.0,0.0,0.0
59651,0.0,0.0,0.0,0.0,0.0
59652,0.0,0.0,0.0,0.0,0.0
59653,0.0,0.0,0.0,0.0,0.0
59654,0.0,0.0,0.0,0.0,0.0
59655,0.0,0.0,0.0,0.0,0.0
59656,0.0,0.0,0.0,0.0,0.0
59657,0.0,0.0,0.0,0.0,0.0
59658,0.0,0.0,0.0,0.0,0.0
59659,0.0,0.0,0.0,0.0,0.0
59660,0.0,0.0,0.0,0.0,0.0
59661,0.0,0.0,0.0,0.0,0.0
59662,0.0,0.0,0.0,0.0,0.0
59663,0.0,0.0,0.0,0.0,0.0
59664,0.0,0.0,0.0,0.0,0.0
59665,0.0,0.0,0.0,0.0,0.0
59666,0.0,0.0,0.0,0.0,0.0
59667,0.0,0.0,0.0,0.0,0.0
59668,0.0,0.0,0.0,0.0,0.0
59669,0.0,0.0,0.0,0.0,0.0
59670,0.0,0.0,0.0,0.0,0.0
62000,0.0,0.0,0.0,0.0,0.0
62001,0.0,0.0,0.0,0.0,0.0
62002,0.0,0.0,0.0,0.0,0.0
62003,0.0,0.0,0.0,0.0,0.0
62004,0.0,0.0,0.0,0.0,0.0
62005,0.0,0.0,0.0,0.0,0.0
62006,0.0,0.0,0.0,0.0,0.0
62007,0.0,0.0,0.0,0.0,0.0
62008,0.0,0.0,0.0,0.0,0.0
62009,0.0,0.0,0.0,0.0,0.0
62010,0.0,0.0,0.0,0.0,0.0
62011,0.0,0.0,0.0,0.0,0.0
62012,0.0,0.0,0.0,0.0,0.0
62013,0.0,0.0,0.0,0.0,0.0
62014,0.0,0.0,0.0,0.0,0.0
62015,0.0,0.0,0.0,0.0,0.0
62016,0.0,0.0,0.0,0.0,0.0
62017,0.0,0.0,0.0,0.0,0.0
62018,0.0,0.0,0.0,0.0,0.0
62019,0.0,0.0,0.0,0.0,0.0
62020,0.0,0.0,0.0,0.0,0.0
62021,0.0,0.0,0.0,0.0,0.0
62022,0.0,0.0,0.0,0.0,0.0
62023,0.0,0.0,0.0,0.0,0.0
62024,0.0,0.0,0.0,0.0,0.0
62025,0.0,0.0,0.0,0.0,0.0
62026,0.0,0.0,0.0,0.0,0.0
62027,0.0,0.0,0.0,0.0,0.0
62028,0.0,0.0,0.0,0.0,0.0
62029,0.0,0.0,0.0,0.0,0.0
62030,0.0,0.0,0.0,0.0,0.0
62031,0.0,0.0,0.0,0.0,0.0
62032,0.0,0.0,0.0,0.0,0.0
62033,0.0,0.0,0.0,0.0,0.0
62034,0.0,0.0,0.0,0.0,0.0
62035,0.0,0.0,0.0,0.0,0.0
62036,0.0,0.0,0.0,0.0,0.0
62037,0.0,0.0,0.0,0.0,0.0
62038,0.0,0.0,0.0,0.0,0.0
62039,0.0,0.0,0.0,0.0,0.0
62040,0.0,0.0,0.0,0.0,0.0
62041,0.0,0.0,0.0,0.0,0.0
62042,0.0,0.0,0.0,0.0,0.0
62043,0.0,0.0,0.0,0.0,0.0
62044,0.0,0.0,0.0,0.0,0.0
62045,0.0,0.0,0.0,0.0,0.0
62046,0.0,0.0,0.0,0.0,0.0
62047,0.0,0.0,0.0,0.0,0.0
62048,0.0,0.0,0.0,0.0,0.0
62049,0.0,0.0,0.0,0.0,0.0
62050,0.0,0.0,0.0,0.0,0.0
62051,0.0,0.0,0.0,0.0,0.0
62052,0.0,0.0,0.0,0.0,0.0
62053,0.0,0.0,0.0,0.0,0.0
62054,0.0,0.0,0.0,0.0,0.0
62055,0.0,0.0,0.0,0.0,0.0
62056,0.0,0.0,0.0,0.0,0.0
62057,0.0,0.0,0.0,0.0,0.0
62058,0.0,0.0,0.0,0.0,0.0
62059,0.0,0.0,0.0,0.0,0.0
62060,0.0,0.0,0.0,0.0,0.0
62061,0.0,0.0,0.0,0.0,0.0
62062,0.0,0.0,0.0,0.0,0.0
62063,0.0,0.0,0.0,0.0,0.0
62064,0.0,0.0,0.0,0.0,0.0
62065,0.0,0.0,0.0,0.0,0.0
62066,0.0,0.0,0.0,0.0,0.0
62067,0.0,0.0,0.0,0.0,0.0
62068,0.0,0.0,0.0,0.0,0.0
62069,0.0,0.0,0.0,0.0,0.0
62070,0.0,0.0,0.0,0.0,0.0
62071,0.0,0.0,0.0,0.0,0.0
62072,0.0,0.0,0.0,0.0,0.0
62073,0.0,0.0,0.0,0.0,0.0
62074,0.0,0.0,0.0,0.0,0.0
62075,0.0,0.0,0.0,0.0,0.0
62076,0.0,0.0,0.0,0.0,0.0
62077,0.0,0.0,0.0,0.0,0.0
62078,0.0,0.0,0.0,0.0,0.0
62079,0.0,0.0,0.0,0.0,0.0
62080,0.0,0.0,0.0,0.0,0.0
62081,0.0,0.0,0.0,0.0,0.0
62082,0.0,0.0,0.0,0.0,0.0
62083,0.0,0.0,0.0,0.0,0.0
62084,0.0,0.0,0.0,0.0,0.0
62085,0.0,0.0,0.0,0.0,0.0
62086,0.0,0.0,0.0,0.0,0.0
62087,0.0,0.0,0.0,0.0,0.0
62088,0.0,0.0,0.0,0.0,0.0
62089,0.0,0.0,0.0,0.0,0.0
62090,0.0,0.0,0.0,0.0,0.0
62091,0.0,0.0,0.0,0.0,0.0
62092,0.0,0.0,0.0,0.0,0.0
62093,0.0,0.0,0.0,0.0,0.0
62094,0.0,0.0,0.0,0.0,0.0
62095,0.0,0.0,0.0,0.0,0.0
62096,0.0,0.0,0.0,0.0,0.0
62097,0.0,0.0,0.0,0.0,0.0
62098,0.0,0.0,0.0,0.0,0.0
62099,0.0,0.0,0.0,0.0,0.0
62100,0.0,0.0,0.0,0.0,0.0
62101,0.0,0.0,0.0,0.0,0.0
62102,0.0,0.0,0.0,0.0,0.0
62103,0.0,0.0,0.0,0.0,0.0
62104,0.0,0.0,0.0,0.0,0.0
62105,0.0,0.0,0.0,0.0,0.0
62106,0.0,0.0,0.0,0.0,0.0
62107,0.0,0.0,0.0,0.0,0.0
62108,0.0,0.0,0.0,0.0,0.0
62109,0.0,0.0,0.0,0.0,0.0
62110,0.0,0.0,0.0,0.0,0.0
62111,0.0,0.0,0.0,0.0,0.0
62112,0.0,0.0,0.0,0.0,0.0
62113,0.0,0.0,0.0,0.0,0.0
62114,0.0,0.0,0.0,0.0,0.0
62115,0.0,0.0,0.0,0.0,0.0
62116,0.0,0.0,0.0,0.0,0.0
62117,0.0,0.0,0.0,0.0,0.0
62118,0.0,0.0,0.0,0.0,0.0
62119,0.0,0.0,0.0,0.0,0.0
62120,0.0,0.0,0.0,0.0,0.0
62121,0.0,0.0,0.0,0.0,0.0
62122,0.0,0.0,0.0,0.0,0.0
62123,0.0,0.0,0.0,0.0,0.0
62124,0.0,0.0,0.0,0.0,0.0
62125,0.0,0.0,0.0,0.0,0.0
62126,0.0,0.0,0.0,0.0,0.0
62127,0.0,0.0,0.0,0.0,0.0
62128,0.0,0.0,0.0,0.0,0.0
62129,0.0,0.0,0.0,0.0,0.0
62130,0.0,0.0,0.0,0.0,0.0
62131,0.0,0.0,0.0,0.0,0.0
62132,0.0,0.0,0.0,0.0,0.0
62133,0.0,0.0,0.0,0.0,0.0
62134,0.0,0.0,0.0,0.0,0.0
62135,0.0,0.0,0.0,0.0,0.0
62136,0.0,0.0,0.0,0.0,0.0
62137,0.0,0.0,0.0,0.0,0.0
62138,0.0,0.0,0.0,0.0,0.0
62139,0.0,0.0,0.0,0.0,0.0
62140,0.0,0.0,0.0,0.0,0.0
62141,0.0,0.0,0.0,0.0,0.0
62142,0.0,0.0,0.0,0.0,0.0
62143,0.0,0.0,0.0,0.0,0.0
62144,0.0,0.0,0.0,0.0,0.0
62145,0.0,0.0,0.0,0.0,0.0
62146,0.0,0.0,0.0,0.0,0.0
62147,0.0,0.0,0.0,0.0,0.0
62148,0.0,0.0,0.0,0.0,0.0
62149,0.0,0.0,0.0,0.0,0.0
62150,0.0,0.0,0.0,0.0,0.0
62151,0.0,0.0,0.0,0.0,0.0
62152,0.0,0.0,0.0,0.0,0.0
62153,0.0,0.0,0.0,0.0,0.0
62154,0.0,0.0,0.0,0.0,0.0
62155,0.0,0.0,0.0,0.0,0.0
62156,0.0,0.0,0.0,0.0,0.0
62157,0.0,0.0,0.0,0.0,0.0
62158,0.0,0.0,0.0,0.0,0.0
62159,0.0,0.0,0.0,0.0,0.0
62160,0.0,0.0,0.0,0.0,0.0
62161,0.0,0.0,0.0,0.0,0.0
62162,0.0,0.0,0.0,0.0,0.0
62163,0.0,0.0,0.0,0.0,0.0
62164,0.0,0.0,0.0,0.0,0.0
62165,0.0,0.0,0.0,0.0,0.0
62166,0.0,0.0,0.0,0.0,0.0
62167,0.0,0.0,0.0,0.0,0.0
62168,0.0,0.0,0.0,0.0,0.0
62169,0.0,0.0,0.0,0.0,0.0
62170,0.0,0.0,0.0,0.0,0.0
62171,0.0,0.0,0.0,0.0,0.0
62172,0.0,0.0,0.0,0.0,0.0
62173,0.0,0.0,0.0,0.0,0.0
62174,0.0,0.0,0.0,0.0,0.0
62175,0.0,0.0,0.0,0.0,0.0
62176,0.0,0.0,0.0,0.0,0.0
62177,0.0,0.0,0.0,0.0,0.0
62178,0.0,0.0,0.0,0.0,0.0
62179,0.0,0.0,0.0,0.0,0.0
62180,0.0,0.0,0.0,0.0,0.0
62181,0.0,0.0,0.0,0.0,0.0
62182,0.0,0.0,0.0,0.0,0.0
62183,0.0,0.0,0.0,0.0,0.0
62184,0.0,0.0,0.0,0.0,0.0
62185,0.0,0.0,0.0,0.0,0.0
62186,0.0,0.0,0.0,0.0,0.0
62187,0.0,0.0,0.0,0.0,0.0
62188,0.0,0.0,0.0,0.0,0.0
62189,0.0,0.0,0.0,0.0,0.0
62190,0.0,0.0,0.0,0.0,0.0
62191,0.0,0.0,0.0,0.0,0.0
62192,0.0,0.0,0.0,0.0,0.0
62193,0.0,0.0,0.0,0.0,0.0
62194,0.0,0.0,0.0,0.0,0.0
62195,0.0,0.0,0.0,0.0,0.0
62196,0.0,0.0,0.0,0.0,0.0
62197,0.0,0.0,0.0,0.0,0.0
62198,0.0,0.0,0.0,0.0,0.0
62199,0.0,0.0,0.0,0.0,0.0
62200,0.0,0.0,0.0,0.0,0.0
62201,0.0,0.0,0.0,0.0,0.0
62202,0.0,0.0,0.0,0.0,0.0
62203,0.0,0.0,0.0,0.0,0.0
62204,0.0,0.0,0.0,0.0,0.0
62205,0.0,0.0,0.0,0.0,0.0
62206,0.0,0.0,0.0,0.0,0.0
62207,0.0,0.0,0.0,0.0,0.0
62208,0.0,0.0,0.0,0.0,0.0
62209,0.0,0.0,0.0,0.0,0.0
62210,0.0,0.0,0.0,0.0,0.0
62211,0.0,0.0,0.0,0.0,0.0
62212,0.0,0.0,0.0,0.0,0.0
62213,0.0,0.0,0.0,0.0,0.0
62214,0.0,0.0,0.0,0.0,0.0
62215,0.0,0.0,0.0,0.0,0.0
62216,0.0,0.0,0.0,0.0,0.0
62217,0.0,0.0,0.0,0.0,0.0
62218,0.0,0.0,0.0,0.0,0.0
62219,0.0,0.0,0.0,0.0,0.0
62220,0.0,0.0,0.0,0.0,0.0
62221,0.0,0.0,0.0,0.0,0.0
62222,0.0,0.0,0.0,0.0,0.0
62223,0.0,0.0,0.0,0.0,0.0
62224,0.0,0.0,0.0,0.0,0.0
62225,0.0,0.0,0.0,0.0,0.0
62226,0.0,0.0,0.0,0.0,0.0
62227,0.0,0.0,0.0,0.0,0.0
62228,0.0,0.0,0.0,0.0,0.0
62229,0.0,0.0,0.0,0.0,0.0
62230,0.0,0.0,0.0,0.0,0.0
62231,0.0,0.0,0.0,0.0,0.0
62232,0.0,0.0,0.0,0.0,0.0
62233,0.0,0.0,0.0,0.0,0.0
62234,0.0,0.0,0.0,0.0,0.0
62235,0.0,0.0,0.0,0.0,0.0
62236,0.0,0.0,0.0,0.0,0.0
62237,0.0,0.0,0.0,0.0,0.0
62238,0.0,0.0,0.0,0.0,0.0
62239,0.0,0.0,0.0,0.0,0.0
62240,0.0,0.0,0.0,0.0,0.0
62241,0.0,0.0,0.0,0.0,0.0
62242,0.0,0.0,0.0,0.0,0.0
62243,0.0,0.0,0.0,0.0,0.0
62244,0.0,0.0,0.0,0.0,0.0
62245,0.0,0.0,0.0,0.0,0.0
62246,0.0,0.0,0.0,0.0,0.0
62247,0.0,0.0,0.0,0.0,0.0
62248,0.0,0.0,0.0,0.0,0.0
62249,0.0,0.0,0.0,0.0,0.0
62250,0.0,0.0,0.0,0.0,0.0
62251,0.0,0.0,0.0,0.0,0.0
62252,0.0,0.0,0.0,0.0,0.0
62253,0.0,0.0,0.0,0.0,0.0
62254,0.0,0.0,0.0,0.0,0.0
62255,0.0,0.0,0.0,0.0,0.0
62256,0.0,0.0,0.0,0.0,0.0
62257,0.0,0.0,0.0,0.0,0.0
62258,0.0,0.0,0.0,0.0,0.0
62259,0.0,0.0,0.0,0.0,0.0
62260,0.0,0.0,0.0,0.0,0.0
62261,0.0,0.0,0.0,0.0,0.0
62262,0.0,0.0,0.0,0.0,0.0
62263,0.0,0.0,0.0,0.0,0.0
62264,0.0,0.0,0.0,0.0,0.0
62265,0.0,0.0,0.0,0.0,0.0
62266,0.0,0.0,0.0,0.0,0.0
62267,0.0,0.0,0.0,0.0,0.0
62268,0.0,0.0,0.0,0.0,0.0
62269,0.0,0.0,0.0,0.0,0.0
62270,0.0,0.0,0.0,0.0,0.0
62271,0.0,0.0,0.0,0.0,0.0
62272,0.0,0.0,0.0,0.0,0.0
62273,0.0,0.0,0.0,0.0,0.0
62274,0.0,0.0,0.0,0.0,0.0
62275,0.0,0.0,0.0,0.0,0.0
62276,0.0,0.0,0.0,0.0,0.0
62277,0.0,0.0,0.0,0.0,0.0
62278,0.0,0.0,0.0,0.0,0.0
62279,0.0,0.0,0.0,0.0,0.0
62280,0.0,0.0,0.0,0.0,0.0
62281,0.0,0.0,0.0,0.0,0.0
62282,0.0,0.0,0.0,0.0,0.0
62283,0.0,0.0,0.0,0.0,0.0
62284,0.0,0.0,0.0,0.0,0.0
62285,0.0,0.0,0.0,0.0,0.0
62286,0.0,0.0,0.0,0.0,0.0
62287,0.0,0.0,0.0,0.0,0.0
62288,0.0,0.0,0.0,0.0,0.0
62289,0.0,0.0,0.0,0.0,0.0
62290,0.0,0.0,0.0,0.0,0.0
62291,0.0,0.0,0.0,0.0,0.0
62292,0.0,0.0,0.0,0.0,0.0
62293,0.0,0.0,0.0,0.0,0.0
62294,0.0,0.0,0.0,0.0,0.0
62295,0.0,0.0,0.0,0.0,0.0
62296,0.0,0.0,0.0,0.0,0.0
62297,0.0,0.0,0.0,0.0,0.0
62298,0.0,0.0,0.0,0.0,0.0
62299,0.0,0.0,0.0,0.0,0.0
62300,0.0,0.0,0.0,0.0,0.0
62301,0.0,0.0,0.0,0.0,0.0
62302,0.0,0.0,0.0,0.0,0.0
62303,0.0,0.0,0.0,0.0,0.0
62304,0.0,0.0,0.0,0.0,0.0
62305,0.0,0.0,0.0,0.0,0.0
62306,0.0,0.0,0.0,0.0,0.0
62307,0.0,0.0,0.0,0.0,0.0
62308,0.0,0.0,0.0,0.0,0.0
62309,0.0,0.0,0.0,0.0,0.0
62310,0.0,0.0,0.0,0.0,0.0
62311,0.0,0.0,0.0,0.0,0.0
62312,0.0,0.0,0.0,0.0,0.0
62313,0.0,0.0,0.0,0.0,0.0
62314,0.0,0.0,0.0,0.0,0.0
62315,0.0,0.0,0.0,0.0,0.0
62316,0.0,0.0,0.0,0.0,0.0
62317,0.0,0.0,0.0,0.0,0.0
62318,0.0,0.0,0.0,0.0,0.0
62319,0.0,0.0,0.0,0.0,0.0
62320,0.0,0.0,0.0,0.0,0.0
62321,0.0,0.0,0.0,0.0,0.0
62322,0.0,0.0,0.0,0.0,0.0
62323,0.0,0.0,0.0,0.0,0.0
62324,0.0,0.0,0.0,0.0,0.0
62325,0.0,0.0,0.0,0.0,0.0
62326,0.0,0.0,0.0,0.0,0.0
62327,0.0,0.0,0.0,0.0,0.0
62328,0.0,0.0,0.0,0.0,0.0
62329,0.0,0.0,0.0,0.0,0.0
62330,0.0,0.0,0.0,0.0,0.0
62331,0.0,0.0,0.0,0.0,0.0
62332,0.0,0.0,0.0,0.0,0.0
62333,0.0,0.0,0.0,0.0,0.0
62334,0.0,0.0,0.0,0.0,0.0
62335,0.0,0.0,0.0,0.0,0.0
62336,0.0,0.0,0.0,0.0,0.0
62337,0.0,0.0,0.0,0.0,0.0
62338,0.0,0.0,0.0,0.0,0.0
62339,0.0,0.0,0.0,0.0,0.0
62340,0.0,0.0,0.0,0.0,0.0
62341,0.0,0.0,0.0,0.0,0.0
62342,0.0,0.0,0.0,0.0,0.0
62343,0.0,0.0,0.0,0.0,0.0
62344,0.0,0.0,0.0,0.0,0.0
62345,0.0,0.0,0.0,0.0,0.0
62346,0.0,0.0,0.0,0.0,0.0
62347,0.0,0.0,0.0,0.0,0.0
62348,0.0,0.0,0.0,0.0,0.0
62349,0.0,0.0,0.0,0.0,0.0
62350,0.0,0.0,0.0,0.0,0.0
62351,0.0,0.0,0.0,0.0,0.0
62352,0.0,0.0,0.0,0.0,0.0
62353,0.0,0.0,0.0,0.0,0.0
62354,0.0,0.0,0.0,0.0,0.0
62355,0.0,0.0,0.0,0.0,0.0
62356,0.0,0.0,0.0,0.0,0.0
62357,0.0,0.0,0.0,0.0,0.0
62358,0.0,0.0,0.0,0.0,0.0
62359,0.0,0.0,0.0,0.0,0.0
62360,0.0,0.0,0.0,0.0,0.0
62361,0.0,0.0,0.0,0.0,0.0
62362,0.0,0.0,0.0,0.0,0.0
62363,0.0,0.0,0.0,0.0,0.0
62364,0.0,0.0,0.0,0.0,0.0
62365,0.0,0.0,0.0,0.0,0.0
62366,0.0,0.0,0.0,0.0,0.0
62367,0.0,0.0,0.0,0.0,0.0
62368,0.0,0.0,0.0,0.0,0.0
62369,0.0,0.0,0.0,0.0,0.0
62370,0.0,0.0,0.0,0.0,0.0
62371,0.0,0.0,0.0,0.0,0.0
62372,0.0,0.0,0.0,0.0,0.0
62373,0.0,0.0,0.0,0.0,0.0
62374,0.0,0.0,0.0,0.0,0.0
62375,0.0,0.0,0.0,0.0,0.0
62376,0.0,0.0,0.0,0.0,0.0
62377,0.0,0.0,0.0,0.0,0.0
62378,0.0,0.0,0.0,0.0,0.0
62379,0.0,0.0,0.0,0.0,0.0
62380,0.0,0.0,0.0,0.0,0.0
62381,0.0,0.0,0.0,0.0,0.0
62382,0.0,0.0,0.0,0.0,0.0
62383,0.0,0.0,0.0,0.0,0.0
62384,0.0,0.0,0.0,0.0,0.0
62385,0.0,0.0,0.0,0.0,0.0
62386,0.0,0.0,0.0,0.0,0.0
62387,0.0,0.0,0.0,0.0,0.0
62388,0.0,0.0,0.0,0.0,0.0
62389,0.0,0.0,0.0,0.0,0.0
62390,0.0,0.0,0.0,0.0,0.0
62391,0.0,0.0,0.0,0.0,0.0
62392,0.0,0.0,0.0,0.0,0.0
62393,0.0,0.0,0.0,0.0,0.0
62394,0.0,0.0,0.0,0.0,0.0
62395,0.0,0.0,0.0,0.0,0.0
62396,0.0,0.0,0.0,0.0,0.0
62397,0.0,0.0,0.0,0.0,0.0
62398,0.0,0.0,0.0,0.0,0.0
62399,0.0,0.0,0.0,0.0,0.0
62400,0.0,0.0,0.0,0.0,0.0
62401,0.0,0.0,0.0,0.0,0.0
62402,0.0,0.0,0.0,0.0,0.0
62403,0.0,0.0,0.0,0.0,0.0
62404,0.0,0.0,0.0,0.0,0.0
62405,0.0,0.0,0.0,0.0,0.0
62406,0.0,0.0,0.0,0.0,0.0
62407,0.0,0.0,0.0,0.0,0.0
62408,0.0,0.0,0.0,0.0,0.0
62409,0.0,0.0,0.0,0.0,0.0
62410,0.0,0.0,0.0,0.0,0.0
62411,0.0,0.0,0.0,0.0,0.0
62412,0.0,0.0,0.0,0.0,0.0
62413,0.0,0.0,0.0,0.0,0.0
62414,0.0,0.0,0.0,0.0,0.0
62415,0.0,0.0,0.0,0.0,0.0
62416,0.0,0.0,0.0,0.0,0.0
62417,0.0,0.0,0.0,0.0,0.0
62418,0.0,0.0,0.0,0.0,0.0
62419,0.0,0.0,0.0,0.0,0.0
62420,0.0,0.0,0.0,0.0,0.0
62421,0.0,0.0,0.0,0.0,0.0
62422,0.0,0.0,0.0,0.0,0.0
62423,0.0,0.0,0.0,0.0,0.0
62424,0.0,0.0,0.0,0.0,0.0
62425,0.0,0.0,0.0,0.0,0.0
62426,0.0,0.0,0.0,0.0,0.0
62427,0.0,0.0,0.0,0.0,0.0
62428,0.0,0.0,0.0,0.0,0.0
62429,0.0,0.0,0.0,0.0,0.0
62430,0.0,0.0,0.0,0.0,0.0
62431,0.0,0.0,0.0,0.0,0.0
62432,0.0,0.0,0.0,0.0,0.0
62433,0.0,0.0,0.0,0.0,0.0
62434,0.0,0.0,0.0,0.0,0.0
62435,0.0,0.0,0.0,0.0,0.0
62436,0.0,0.0,0.0,0.0,0.0
62437,0.0,0.0,0.0,0.0,0.0
62438,0.0,0.0,0.0,0.0,0.0
62439,0.0,0.0,0.0,0.0,0.0
62440,0.0,0.0,0.0,0.0,0.0
62441,0.0,0.0,0.0,0.0,0.0
62442,0.0,0.0,0.0,0.0,0.0
62443,0.0,0.0,0.0,0.0,0.0
62444,0.0,0.0,0.0,0.0,0.0
62445,0.0,0.0,0.0,0.0,0.0
62446,0.0,0.0,0.0,0.0,0.0
62447,0.0,0.0,0.0,0.0,0.0
62448,0.0,0.0,0.0,0.0,0.0
62449,0.0,0.0,0.0,0.0,0.0
62450,0.0,0.0,0.0,0.0,0.0
62451,0.0,0.0,0.0,0.0,0.0
62452,0.0,0.0,0.0,0.0,0.0
62453,0.0,0.0,0.0,0.0,0.0
62454,0.0,0.0,0.0,0.0,0.0
62455,0.0,0.0,0.0,0.0,0.0
62456,0.0,0.0,0.0,0.0,0.0
62457,0.0,0.0,0.0,0.0,0.0
62458,0.0,0.0,0.0,0.0,0.0
62459,0.0,0.0,0.0,0.0,0.0
62460,0.0,0.0,0.0,0.0,0.0
62461,0.0,0.0,0.0,0.0,0.0
62462,0.0,0.0,0.0,0.0,0.0
62463,0.0,0.0,0.0,0.0,0.0
62464,0.0,0.0,0.0,0.0,0.0
62465,0.0,0.0,0.0,0.0,0.0
62466,0.0,0.0,0.0,0.0,0.0
62467,0.0,0.0,0.0,0.0,0.0
62468,0.0,0.0,0.0,0.0,0.0
62469,0.0,0.0,0.0,0.0,0.0
62470,0.0,0.0,0.0,0.0,0.0
62471,0.0,0.0,0.0,0.0,0.0
62472,0.0,0.0,0.0,0.0,0.0
62473,0.0,0.0,0.0,0.0,0.0
62474,0.0,0.0,0.0,0.0,0.0
62475,0.0,0.0,0.0,0.0,0.0
62476,0.0,0.0,0.0,0.0,0.0
62477,0.0,0.0,0.0,0.0,0.0
62478,0.0,0.0,0.0,0.0,0.0
62479,0.0,0.0,0.0,0.0,0.0
62480,0.0,0.0,0.0,0.0,0.0
62481,0.0,0.0,0.0,0.0,0.0
62482,0.0,0.0,0.0,0.0,0.0
62483,0.0,0.0,0.0,0.0,0.0
62484,0.0,0.0,0.0,0.0,0.0
62485,0.0,0.0,0.0,0.0,0.0
62486,0.0,0.0,0.0,0.0,0.0
62487,0.0,0.0,0.0,0.0,0.0
62488,0.0,0.0,0.0,0.0,0.0
62489,0.0,0.0,0.0,0.0,0.0
62490,0.0,0.0,0.0,0.0,0.0
62491,0.0,0.0,0.0,0.0,0.0
62492,0.0,0.0,0.0,0.0,0.0
62493,0.0,0.0,0.0,0.0,0.0
62494,0.0,0.0,0.0,0.0,0.0
62495,0.0,0.0,0.0,0.0,0.0
62496,0.0,0.0,0.0,0.0,0.0
62497,0.0,0.0,0.0,0.0,0.0
62498,0.0,0.0,0.0,0.0,0.0
62499,0.0,0.0,0.0,0.0,0.0
62500,0.0,0.0,0.0,0.0,0.0
62501,0.0,0.0,0.0,0.0,0.0
62502,0.0,0.0,0.0,0.0,0.0
62503,0.0,0.0,0.0,0.0,0.0
62504,0.0,0.0,0.0,0.0,0.0
62505,0.0,0.0,0.0,0.0,0.0
62506,0.0,0.0,0.0,0.0,0.0
62507,0.0,0.0,0.0,0.0,0.0
62508,0.0,0.0,0.0,0.0,0.0
62509,0.0,0.0,0.0,0.0,0.0
62510,0.0,0.0,0.0,0.0,0.0
62511,0.0,0.0,0.0,0.0,0.0
62512,0.0,0.0,0.0,0.0,0.0
62513,0.0,0.0,0.0,0.0,0.0
62514,0.0,0.0,0.0,0.0,0.0
62515,0.0,0.0,0.0,0.0,0.0
62516,0.0,0.0,0.0,0.0,0.0
62517,0.0,0.0,0.0,0.0,0.0
62518,0.0,0.0,0.0,0.0,0.0
62519,0.0,0.0,0.0,0.0,0.0
62520,0.0,0.0,0.0,0.0,0.0
62521,0.0,0.0,0.0,0.0,0.0
62522,0.0,0.0,0.0,0.0,0.0
62523,0.0,0.0,0.0,0.0,0.0
62524,0.0,0.0,0.0,0.0,0.0
62525,0.0,0.0,0.0,0.0,0.0
62526,0.0,0.0,0.0,0.0,0.0
62527,0.0,0.0,0.0,0.0,0.0
62528,0.0,0.0,0.0,0.0,0.0
62529,0.0,0.0,0.0,0.0,0.0
62530,0.0,0.0,0.0,0.0,0.0
62531,0.0,0.0,0.0,0.0,0.0
62532,0.0,0.0,0.0,0.0,0.0
62533,0.0,0.0,0.0,0.0,0.0
62534,0.0,0.0,0.0,0.0,0.0
62535,0.0,0.0,0.0,0.0,0.0
62536,0.0,0.0,0.0,0.0,0.0
62537,0.0,0.0,0.0,0.0,0.0
62538,0.0,0.0,0.0,0.0,0.0
62539,0.0,0.0,0.0,0.0,0.0
62540,0.0,0.0,0.0,0.0,0.0
62541,0.0,0.0,0.0,0.0,0.0
62542,0.0,0.0,0.0,0.0,0.0
62543,0.0,0.0,0.0,0.0,0.0
62544,0.0,0.0,0.0,0.0,0.0
62545,0.0,0.0,0.0,0.0,0.0
62546,0.0,0.0,0.0,0.0,0.0
62547,0.0,0.0,0.0,0.0,0.0
62548,0.0,0.0,0.0,0.0,0.0
62549,0.0,0.0,0.0,0.0,0.0
62550,0.0,0.0,0.0,0.0,0.0
62551,0.0,0.0,0.0,0.0,0.0
62552,0.0,0.0,0.0,0.0,0.0
62553,0.0,0.0,0.0,0.0,0.0
62554,0.0,0.0,0.0,0.0,0.0
62555,0.0,0.0,0.0,0.0,0.0
62556,0.0,0.0,0.0,0.0,0.0
62557,0.0,0.0,0.0,0.0,0.0
62558,0.0,0.0,0.0,0.0,0.0
62559,0.0,0.0,0.0,0.0,0.0
62560,0.0,0.0,0.0,0.0,0.0
62561,0.0,0.0,0.0,0.0,0.0
62562,0.0,0.0,0.0,0.0,0.0
62563,0.0,0.0,0.0,0.0,0.0
62564,0.0,0.0,0.0,0.0,0.0
62565,0.0,0.0,0.0,0.0,0.0
62566,0.0,0.0,0.0,0.0,0.0
62567,0.0,0.0,0.0,0.0,0.0
62568,0.0,0.0,0.0,0.0,0.0
62569,0.0,0.0,0.0,0.0,0.0
62570,0.0,0.0,0.0,0.0,0.0
62571,0.0,0.0,0.0,0.0,0.0
62572,0.0,0.0,0.0,0.0,0.0
62573,0.0,0.0,0.0,0.0,0.0
62574,0.0,0.0,0.0,0.0,0.0
62575,0.0,0.0,0.0,0.0,0.0
62576,0.0,0.0,0.0,0.0,0.0
62577,0.0,0.0,0.0,0.0,0.0
62578,0.0,0.0,0.0,0.0,0.0
62579,0.0,0.0,0.0,0.0,0.0
62580,0.0,0.0,0.0,0.0,0.0
62581,0.0,0.0,0.0,0.0,0.0
62582,0.0,0.0,0.0,0.0,0.0
62583,0.0,0.0,0.0,0.0,0.0
62584,0.0,0.0,0.0,0.0,0.0
62585,0.0,0.0,0.0,0.0,0.0
62586,0.0,0.0,0.0,0.0,0.0
62587,0.0,0.0,0.0,0.0,0.0
62588,0.0,0.0,0.0,0.0,0.0
62589,0.0,0.0,0.0,0.0,0.0
62590,0.0,0.0,0.0,0.0,0.0
62591,0.0,0.0,0.0,0.0,0.0
62592,0.0,0.0,0.0,0.0,0.0
62593,0.0,0.0,0.0,0.0,0.0
62594,0.0,0.0,0.0,0.0,0.0
62595,0.0,0.0,0.0,0.0,0.0
62596,0.0,0.0,0.0,0.0,0.0
62597,0.0,0.0,0.0,0.0,0.0
62598,0.0,0.0,0.0,0.0,0.0
62599,0.0,0.0,0.0,0.0,0.0
62600,0.0,0.0,0.0,0.0,0.0
62601,0.0,0.0,0.0,0.0,0.0
62602,0.0,0.0,0.0,0.0,0.0
62603,0.0,0.0,0.0,0.0,0.0
62604,0.0,0.0,0.0,0.0,0.0
62605,0.0,0.0,0.0,0.0,0.0
62606,0.0,0.0,0.0,0.0,0.0
62607,0.0,0.0,0.0,0.0,0.0
62608,0.0,0.0,0.0,0.0,0.0
62609,0.0,0.0,0.0,0.0,0.0
62610,0.0,0.0,0.0,0.0,0.0
62611,0.0,0.0,0.0,0.0,0.0
62612,0.0,0.0,0.0,0.0,0.0
62613,0.0,0.0,0.0,0.0,0.0
62614,0.0,0.0,0.0,0.0,0.0
62615,0.0,0.0,0.0,0.0,0.0
62616,0.0,0.0,0.0,0.0,0.0
62617,0.0,0.0,0.0,0.0,0.0
62618,0.0,0.0,0.0,0.0,0.0
62619,0.0,0.0,0.0,0.0,0.0
62620,0.0,0.0,0.0,0.0,0.0
62621,0.0,0.0,0.0,0.0,0.0
62622,0.0,0.0,0.0,0.0,0.0
62623,0.0,0.0,0.0,0.0,0.0
62624,0.0,0.0,0.0,0.0,0.0
62625,0.0,0.0,0.0,0.0,0.0
62626,0.0,0.0,0.0,0.0,0.0
62627,0.0,0.0,0.0,0.0,0.0
62628,0.0,0.0,0.0,0.0,0.0
62629,0.0,0.0,0.0,0.0,0.0
62630,0.0,0.0,0.0,0.0,0.0
62631,0.0,0.0,0.0,0.0,0.0
62632,0.0,0.0,0.0,0.0,0.0
62633,0.0,0.0,0.0,0.0,0.0
62634,0.0,0.0,0.0,0.0,0.0
62635,0.0,0.0,0.0,0.0,0.0
62636,0.0,0.0,0.0,0.0,0.0
62637,0.0,0.0,0.0,0.0,0.0
62638,0.0,0.0,0.0,0.0,0.0
62639,0.0,0.0,0.0,0.0,0.0
62640,0.0,0.0,0.0,0.0,0.0
62641,0.0,0.0,0.0,0.0,0.0
62642,0.0,0.0,0.0,0.0,0.0
62643,0.0,0.0,0.0,0.0,0.0
62644,0.0,0.0,0.0,0.0,0.0
62645,0.0,0.0,0.0,0.0,0.0
62646,0.0,0.0,0.0,0.0,0.0
62647,0.0,0.0,0.0,0.0,0.0
62648,0.0,0.0,0.0,0.0,0.0
62649,0.0,0.0,0.0,0.0,0.0
62650,0.0,0.0,0.0,0.0,0.0
62651,0.0,0.0,0.0,0.0,0.0
62652,0.0,0.0,0.0,0.0,0.0
62653,0.0,0.0,0.0,0.0,0.0
62654,0.0,0.0,0.0,0.0,0.0
62655,0.0,0.0,0.0,0.0,0.0
62656,0.0,0.0,0.0,0.0,0.0
62657,0.0,0.0,0.0,0.0,0.0
62658,0.0,0.0,0.0,0.0,0.0
62659,0.0,0.0,0.0,0.0,0.0
62660,0.0,0.0,0.0,0.0,0.0
62661,0.0,0.0,0.0,0.0,0.0
62662,0.0,0.0,0.0,0.0,0.0
62663,0.0,0.0,0.0,0.0,0.0
62664,0.0,0.0,0.0,0.0,0.0
62665,0.0,0.0,0.0,0.0,0.0
62666,0.0,0.0,0.0,0.0,0.0
62667,0.0,0.0,0.0,0.0,0.0
62668,0.0,0.0,0.0,0.0,0.0
62669,0.0,0.0,0.0,0.0,0.0
62670,0.0,0.0,0.0,0.0,0.0
62671,0.0,0.0,0.0,0.0,0.0
62672,0.0,0.0,0.0,0.0,0.0
62673,0.0,0.0,0.0,0.0,0.0
62674,0.0,0.0,0.0,0.0,0.0
62675,0.0,0.0,0.0,0.0,0.0
62676,0.0,0.0,0.0,0.0,0.0
62677,0.0,0.0,0.0,0.0,0.0
62678,0.0,0.0,0.0,0.0,0.0
62679,0.0,0.0,0.0,0.0,0.0
62680,0.0,0.0,0.0,0.0,0.0
62681,0.0,0.0,0.0,0.0,0.0
62682,0.0,0.0,0.0,0.0,0.0
62683,0.0,0.0,0.0,0.0,0.0
62684,0.0,0.0,0.0,0.0,0.0
62685,0.0,0.0,0.0,0.0,0.0
62686,0.0,0.0,0.0,0.0,0.0
62687,0.0,0.0,0.0,0.0,0.0
62688,0.0,0.0,0.0,0.0,0.0
62689,0.0,0.0,0.0,0.0,0.0
62690,0.0,0.0,0.0,0.0,0.0
62691,0.0,0.0,0.0,0.0,0.0
62692,0.0,0.0,0.0,0.0,0.0
62693,0.0,0.0,0.0,0.0,0.0
62694,0.0,0.0,0.0,0.0,0.0
62695,0.0,0.0,0.0,0.0,0.0
62696,0.0,0.0,0.0,0.0,0.0
62697,0.0,0.0,0.0,0.0,0.0
62698,0.0,0.0,0.0,0.0,0.0
62699,0.0,0.0,0.0,0.0,0.0
62700,0.0,0.0,0.0,0.0,0.0
62701,0.0,0.0,0.0,0.0,0.0
62702,0.0,0.0,0.0,0.0,0.0
62703,0.0,0.0,0.0,0.0,0.0
62704,0.0,0.0,0.0,0.0,0.0
62705,0.0,0.0,0.0,0.0,0.0
62706,0.0,0.0,0.0,0.0,0.0
62707,0.0,0.0,0.0,0.0,0.0
62708,0.0,0.0,0.0,0.0,0.0
62709,0.0,0.0,0.0,0.0,0.0
62710,0.0,0.0,0.0,0.0,0.0
62711,0.0,0.0,0.0,0.0,0.0
62712,0.0,0.0,0.0,0.0,0.0
62713,0.0,0.0,0.0,0.0,0.0
62714,0.0,0.0,0.0,0.0,0.0
62715,0.0,0.0,0.0,0.0,0.0
62716,0.0,0.0,0.0,0.0,0.0
62717,0.0,0.0,0.0,0.0,0.0
62718,0.0,0.0,0.0,0.0,0.0
62719,0.0,0.0,0.0,0.0,0.0
62720,0.0,0.0,0.0,0.0,0.0
62721,0.0,0.0,0.0,0.0,0.0
62722,0.0,0.0,0.0,0.0,0.0
62723,0.0,0.0,0.0,0.0,0.0
62724,0.0,0.0,0.0,0.0,0.0
62725,0.0,0.0,0.0,0.0,0.0
62726,0.0,0.0,0.0,0.0,0.0
62727,0.0,0.0,0.0,0.0,0.0
62728,0.0,0.0,0.0,0.0,0.0
62729,0.0,0.0,0.0,0.0,0.0
62730,0.0,0.0,0.0,0.0,0.0
62731,0.0,0.0,0.0,0.0,0.0
62732,0.0,0.0,0.0,0.0,0.0
62733,0.0,0.0,0.0,0.0,0.0
62734,0.0,0.0,0.0,0.0,0.0
62735,0.0,0.0,0.0,0.0,0.0
62736,0.0,0.0,0.0,0.0,0.0
62737,0.0,0.0,0.0,0.0,0.0
62738,0.0,0.0,0.0,0.0,0.0
62739,0.0,0.0,0.0,0.0,0.0
62740,0.0,0.0,0.0,0.0,0.0
62741,0.0,0.0,0.0,0.0,0.0
62742,0.0,0.0,0.0,0.0,0.0
62743,0.0,0.0,0.0,0.0,0.0
62744,0.0,0.0,0.0,0.0,0.0
62745,0.0,0.0,0.0,0.0,0.0
62746,0.0,0.0,0.0,0.0,0.0
62747,0.0,0.0,0.0,0.0,0.0
62748,0.0,0.0,0.0,0.0,0.0
62749,0.0,0.0,0.0,0.0,0.0
62750,0.0,0.0,0.0,0.0,0.0
62751,0.0,0.0,0.0,0.0,0.0
62752,0.0,0.0,0.0,0.0,0.0
62753,0.0,0.0,0.0,0.0,0.0
62754,0.0,0.0,0.0,0.0,0.0
62755,0.0,0.0,0.0,0.0,0.0
62756,0.0,0.0,0.0,0.0,0.0
62757,0.0,0.0,0.0,0.0,0.0
62758,0.0,0.0,0.0,0.0,0.0
62759,0.0,0.0,0.0,0.0,0.0
62760,0.0,0.0,0.0,0.0,0.0
62761,0.0,0.0,0.0,0.0,0.0
62762,0.0,0.0,0.0,0.0,0.0
62763,0.0,0.0,0.0,0.0,0.0
62764,0.0,0.0,0.0,0.0,0.0
62765,0.0,0.0,0.0,0.0,0.0
62766,0.0,0.0,0.0,0.0,0.0
62767,0.0,0.0,0.0,0.0,0.0
62768,0.0,0.0,0.0,0.0,0.0
62769,0.0,0.0,0.0,0.0,0.0
62770,0.0,0.0,0.0,0.0,0.0
62771,0.0,0.0,0.0,0.0,0.0
62772,0.0,0.0,0.0,0.0,0.0
62773,0.0,0.0,0.0,0.0,0.0
62774,0.0,0.0,0.0,0.0,0.0
62775,0.0,0.0,0.0,0.0,0.0
62776,0.0,0.0,0.0,0.0,0.0
62777,0.0,0.0,0.0,0.0,0.0
62778,0.0,0.0,0.0,0.0,0.0
62779,0.0,0.0,0.0,0.0,0.0
62780,0.0,0.0,0.0,0.0,0.0
62781,0.0,0.0,0.0,0.0,0.0
62782,0.0,0.0,0.0,0.0,0.0
62783,0.0,0.0,0.0,0.0,0.0
62784,0.0,0.0,0.0,0.0,0.0
62785,0.0,0.0,0.0,0.0,0.0
62786,0.0,0.0,0.0,0.0,0.0
62787,0.0,0.0,0.0,0.0,0.0
62788,0.0,0.0,0.0,0.0,0.0
62789,0.0,0.0,0.0,0.0,0.0
62790,0.0,0.0,0.0,0.0,0.0
62791,0.0,0.0,0.0,0.0,0.0
62792,0.0,0.0,0.0,0.0,0.0
62793,0.0,0.0,0.0,0.0,0.0
62794,0.0,0.0,0.0,0.0,0.0
62795,0.0,0.0,0.0,0.0,0.0
62796,0.0,0.0,0.0,0.0,0.0
62797,0.0,0.0,0.0,0.0,0.0
62798,0.0,0.0,0.0,0.0,0.0
62799,0.0,0.0,0.0,0.0,0.0
62800,0.0,0.0,0.0,0.0,0.0
62801,0.0,0.0,0.0,0.0,0.0
62802,0.0,0.0,0.0,0.0,0.0
62803,0.0,0.0,0.0,0.0,0.0
62804,0.0,0.0,0.0,0.0,0.0
62805,0.0,0.0,0.0,0.0,0.0
62806,0.0,0.0,0.0,0.0,0.0
62807,0.0,0.0,0.0,0.0,0.0
62808,0.0,0.0,0.0,0.0,0.0
62809,0.0,0.0,0.0,0.0,0.0
62810,0.0,0.0,0.0,0.0,0.0
62811,0.0,0.0,0.0,0.0,0.0
62812,0.0,0.0,0.0,0.0,0.0
62813,0.0,0.0,0.0,0.0,0.0
62814,0.0,0.0,0.0,0.0,0.0
62815,0.0,0.0,0.0,0.0,0.0
62816,0.0,0.0,0.0,0.0,0.0
62817,0.0,0.0,0.0,0.0,0.0
62818,0.0,0.0,0.0,0.0,0.0
62819,0.0,0.0,0.0,0.0,0.0
62820,0.0,0.0,0.0,0.0,0.0
62821,0.0,0.0,0.0,0.0,0.0
62822,0.0,0.0,0.0,0.0,0.0
62823,0.0,0.0,0.0,0.0,0.0
62824,0.0,0.0,0.0,0.0,0.0
62825,0.0,0.0,0.0,0.0,0.0
62826,0.0,0.0,0.0,0.0,0.0
62827,0.0,0.0,0.0,0.0,0.0
62828,0.0,0.0,0.0,0.0,0.0
62829,0.0,0.0,0.0,0.0,0.0
62830,0.0,0.0,0.0,0.0,0.0
62831,0.0,0.0,0.0,0.0,0.0
62832,0.0,0.0,0.0,0.0,0.0
62833,0.0,0.0,0.0,0.0,0.0
62834,0.0,0.0,0.0,0.0,0.0
62835,0.0,0.0,0.0,0.0,0.0
62836,0.0,0.0,0.0,0.0,0.0
62837,0.0,0.0,0.0,0.0,0.0
62838,0.0,0.0,0.0,0.0,0.0
62839,0.0,0.0,0.0,0.0,0.0
62840,0.0,0.0,0.0,0.0,0.0
62841,0.0,0.0,0.0,0.0,0.0
62842,0.0,0.0,0.0,0.0,0.0
62843,0.0,0.0,0.0,0.0,0.0
62844,0.0,0.0,0.0,0.0,0.0
62845,0.0,0.0,0.0,0.0,0.0
62846,0.0,0.0,0.0,0.0,0.0
62847,0.0,0.0,0.0,0.0,0.0
62848,0.0,0.0,0.0,0.0,0.0
62849,0.0,0.0,0.0,0.0,0.0
62850,0.0,0.0,0.0,0.0,0.0
62851,0.0,0.0,0.0,0.0,0.0
62852,0.0,0.0,0.0,0.0,0.0
62853,0.0,0.0,0.0,0.0,0.0
62854,0.0,0.0,0.0,0.0,0.0
62855,0.0,0.0,0.0,0.0,0.0
62856,0.0,0.0,0.0,0.0,0.0
62857,0.0,0.0,0.0,0.0,0.0
62858,0.0,0.0,0.0,0.0,0.0
62859,0.0,0.0,0.0,0.0,0.0
62860,0.0,0.0,0.0,0.0,0.0
62861,0.0,0.0,0.0,0.0,0.0
62862,0.0,0.0,0.0,0.0,0.0
62863,0.0,0.0,0.0,0.0,0.0
62864,0.0,0.0,0.0,0.0,0.0
62865,0.0,0.0,0.0,0.0,0.0
62866,0.0,0.0,0.0,0.0,0.0
62867,0.0,0.0,0.0,0.0,0.0
62868,0.0,0.0,0.0,0.0,0.0
62869,0.0,0.0,0.0,0.0,0.0
62870,0.0,0.0,0.0,0.0,0.0
62871,0.0,0.0,0.0,0.0,0.0
62872,0.0,0.0,0.0,0.0,0.0
62873,0.0,0.0,0.0,0.0,0.0
62874,0.0,0.0,0.0,0.0,0.0
62875,0.0,0.0,0.0,0.0,0.0
62876,0.0,0.0,0.0,0.0,0.0
62877,0.0,0.0,0.0,0.0,0.0
62878,0.0,0.0,0.0,0.0,0.0
62879,0.0,0.0,0.0,0.0,0.0
62880,0.0,0.0,0.0,0.0,0.0
62881,0.0,0.0,0.0,0.0,0.0
62882,0.0,0.0,0.0,0.0,0.0
62883,0.0,0.0,0.0,0.0,0.0
62884,0.0,0.0,0.0,0.0,0.0
62885,0.0,0.0,0.0,0.0,0.0
62886,0.0,0.0,0.0,0.0,0.0
62887,0.0,0.0,0.0,0.0,0.0
62888,0.0,0.0,0.0,0.0,0.0
62889,0.0,0.0,0.0,0.0,0.0
62890,0.0,0.0,0.0,0.0,0.0
62891,0.0,0.0,0.0,0.0,0.0
62892,0.0,0.0,0.0,0.0,0.0
62893,0.0,0.0,0.0,0.0,0.0
62894,0.0,0.0,0.0,0.0,0.0
62895,0.0,0.0,0.0,0.0,0.0
62896,0.0,0.0,0.0,0.0,0.0
62897,0.0,0.0,0.0,0.0,0.0
62898,0.0,0.0,0.0,0.0,0.0
62899,0.0,0.0,0.0,0.0,0.0
62900,0.0,0.0,0.0,0.0,0.0
62901,0.0,0.0,0.0,0.0,0.0
62902,0.0,0.0,0.0,0.0,0.0
62903,0.0,0.0,0.0,0.0,0.0
62904,0.0,0.0,0.0,0.0,0.0
62905,0.0,0.0,0.0,0.0,0.0
62906,0.0,0.0,0.0,0.0,0.0
62907,0.0,0.0,0.0,0.0,0.0
62908,0.0,0.0,0.0,0.0,0.0
62909,0.0,0.0,0.0,0.0,0.0
62910,0.0,0.0,0.0,0.0,0.0
